{
  "normal_mean": 0.006766335107386112,
  "normal_std": 0.00017325760563835502,
  "defect_mean": 0.007375543005764484,
  "defect_std": 0.0005639514420181513,
  "n_normal": 168,
  "n_defect": 16,
  "seconds": 5.176022291183472,
  "resize": [
    256,
    256
  ],
  "device": "cuda",
  "ckpt": "E:\\Course\\MasterFirst\\SummerCourse\\2025_0808_AnomalyDetection\\Project\\20250806AnomalyDetection\\step2_unet\\step2_SP3_128_gpu\\checkpoints\\unet_small_e30.pt"
}