{
  "normal_mean": 0.005981723312288523,
  "normal_std": 0.00020331545965746045,
  "defect_mean": 0.006497671362012625,
  "defect_std": 0.00043563853250816464,
  "n_normal": 168,
  "n_defect": 16,
  "seconds": 4.772014379501343,
  "resize": [
    256,
    256
  ],
  "device": "cuda",
  "ckpt": "E:\\Course\\MasterFirst\\SummerCourse\\2025_0808_AnomalyDetection\\Project\\20250806AnomalyDetection\\step2_unet\\step2_SP3_128_gpu\\checkpoints\\unet_small_e30.pt"
}